timestamp,bibNo,lcc,items updated,elapsed_time
2025-03-20 15:10:10.198026,11222644,TK7881.45 W6 1989,1,11107929,0:00:08.018589
2025-03-20 15:10:18.217616,13762702,TR847.E4,1,10789020,0:00:06.813302
2025-03-20 15:10:25.033959,11807768,TR886.3.C48 1993,0,,0:00:02.853213
2025-03-20 15:10:27.888204,11993153,TS2301.P3 W36 1994,1,11225763,0:00:05.899382
2025-03-20 15:10:33.791722,10066323,Z1215.A2 T35,2,"10949294,10949295",0:00:08.046982
2025-03-20 15:10:41.840666,20233811,Z1219.U58c,0,,0:00:02.874577
2025-03-20 15:10:44.722396,11391962,Z5781.S16 1984 PN2266,1,11129913,0:00:06.555298
2025-03-20 15:10:51.280692,11762266,Z5936.P47 G73 1993 NX600.P47,1,11163384,0:00:05.729535
2025-03-20 15:10:57.011235,14451785,Z5984.U5 H32,2,"11356492,11356493",0:00:07.473711
2025-03-20 15:11:04.487952,11071509,Z653.L53,48,"11093864,11093865,11093866,11093867,11093868,11093869,11093870,11093871,11093872,11093873,11093874,11093875,11093876,11093877,11093878,11093879,11093880,11093881,11093882,11093883,11093886,11093887,11093888,11093889,11093890,11093891,11093892,11093893,11093894,11093895,11093896,11093897,11093898,11093899,11093900,11093901,11093902,11093903,11093904,11093905,11093906,11093907,11093908,11093909,11093910,11093911,11093912,11093913",0:01:28.452278
2025-03-20 15:12:32.944220,10833383,Z653.U59a,0,,0:00:03.202389
2025-03-20 15:12:36.147574,10326160,Z7223.P74 P57 PN1991.3,1,11004492,0:00:04.992441
2025-03-20 15:12:41.144013,15878914,ZA4750.B66,0,,0:00:04.234942
2025-03-20 15:12:45.379952,15910323,ML80.S5 D85 2004,1,14691249,0:00:05.961153
2025-03-20 15:12:51.342105,13872861,ML80.S5 G73 1997,1,11318941,0:00:05.561251
2025-03-20 15:12:56.907344,10468560,ML80.S5 G8 1974,1,11026077,0:00:06.038509
2025-03-20 15:13:02.949843,16191730,ML80.S5 L5 2006,1,15601228,0:00:05.975661
2025-03-20 15:13:08.929496,14366574,ML80.S5 S35,1,11352330,0:00:04.652966
